[
    {
        "node": "A",
        "neighbours": [
            {
                "node": "C",
                "distance": 20
            },
            {
                "node": "D",
                "distance": 1
            },
            {
                "node": "E",
                "distance": 4
            }
        ]
    },
    {
        "node": "B",
        "neighbours": [
            {
                "node": "F",
                "distance": 2
            }
        ]
    },
    {
        "node": "C",
        "neighbours": [
            {
                "node": "F",
                "distance": 3
            },
            {
                "node": "A",
                "distance": 2
            },
            {
                "node": "D",
                "distance": 2
            }
        ]
    },
    {
        "node": "D",
        "neighbours": [
            {
                "node": "C",
                "distance": 2
            },
            {
                "node": "A",
                "distance": 1
            },
            {
                "node": "G",
                "distance": 10
            },
            {
                "node": "F",
                "distance": 7
            }
        ]
    },
    {
        "node": "E",
        "neighbours": [
            {
                "node": "A",
                "distance": 4
            },
            {
                "node": "F",
                "distance": 6
            }

        ]
    },
    {
        "node": "F",
        "neighbours": [
            {
                "node": "B",
                "distance": 2
            },
            {
                "node": "C",
                "distance": 3
            },
            {
                "node": "E",
                "distance": 6
            },
            {
                "node": "G",
                "distance": 5
            },
            {
                "node": "D",
                "distance": 7
            }

        ]
    },
    {
        "node": "G",
        "neighbours": [
            {
                "node": "F",
                "distance": 5
            },
            {
                "node": "D",
                "distance": 10
            }

        ]
    }
]